scenario,scarcity,shortage_prob,policy,mean_reward,std_reward,n_compliant,fairness,total_unserved_MWh
easy,0.9,0.02,ppo,7.571887323112179,0.4439545506021816,5.0,0.9844058389483601,16.4687669712991
easy,0.9,0.02,demand_proportional,7.9330071464751,0.5448713200984726,5.0,0.9573537422178345,15.242067304800203
baseline,0.7,0.05,ppo,4.313559611707928,1.4888784224219231,4.92,0.9941737722309366,27.9022825447426
baseline,0.7,0.05,demand_proportional,2.963434257877998,2.3436857523615244,4.51,0.9344185343431527,27.755428224463383
hard,0.5,0.1,ppo,-8.365412740868766,1.9951510489036304,3.8899999999999997,0.9176947320077947,42.79150260822652
hard,0.5,0.1,demand_proportional,-16.466816317300765,3.857845031049588,2.0,0.7747944184187969,42.73959925661327
extreme,0.3,0.15,ppo,-31.53705754741408,3.1667302919615072,0.75,0.7620770999252097,59.00210501232003
extreme,0.3,0.15,demand_proportional,-41.74539595029958,2.848223405730437,0.04,0.773116047817656,58.99948667990592
