scenario,scarcity,shortage_prob,policy,mean_reward,std_reward,n_compliant,fairness,total_unserved_MWh
easy,0.9,0.02,ppo,7.582796683530819,0.4558039074789885,5.0,0.9636574910846937,16.27923846551129
easy,0.9,0.02,demand_proportional,7.9330071464751,0.5448713200984726,5.0,0.9573537422178345,15.242067304800203
baseline,0.7,0.05,ppo,4.368405912968389,1.2327389053394844,4.95,0.9870255986239335,27.920037536775318
baseline,0.7,0.05,demand_proportional,2.963434257877998,2.3436857523615244,4.51,0.9344185343431527,27.755428224463383
hard,0.5,0.1,ppo,-15.503020626823771,3.9380487288450743,1.04,0.9561548262214102,42.84500755618099
hard,0.5,0.1,demand_proportional,-16.466816317300765,3.857845031049588,2.0,0.7747944184187969,42.73959925661327
extreme,0.3,0.15,ppo,-41.06897914559126,2.715914776364217,0.05,0.7187583378309432,58.99948667990593
extreme,0.3,0.15,demand_proportional,-41.74539595029958,2.848223405730437,0.04,0.773116047817656,58.99948667990592
