policy,mean_reward,std_reward,n_compliant_mean,fairness,total_unserved_MWh
ppo,4.336223484160933,1.3208185662637826,4.92,0.994257469209467,27.897762238230456
demand_proportional,2.8621730892172703,2.1363347006340883,4.47,0.9336335335039604,27.753068489116114
equal_split,-13.479295369331224,1.4093761350152514,3.0,0.7603991571162363,33.94172057571218
priority_based,-19.169394674654832,1.617949279959916,1.05,0.5346190556014837,34.098208191093384
deficit_chasing,-30.175737024295668,1.5065942439053868,0.0,0.5579927243810346,47.22485364636651
